kb_chunk_id,kb_source,kb_url,kb_title,kb_process_type,kb_category_id,kb_views,kb_reply_count,kb_text,kb_embedding
kb_discourse_30189,ubuntu_discourse,https://discourse.ubuntu.com/t/30189,SSHd now uses socket-based activation (Ubuntu 22.10 and later),"sshd,sudo,dhclient,systemd",17,69851,28,"QUESTION: SSHd now uses socket-based activation (Ubuntu 22.10 and later)
As of version 1:9.0p1-1ubuntu1 of 
openssh-server
 in Kinetic Kudu (Ubuntu 22.10), OpenSSH in Ubuntu is configured by default to use systemd socket activation.  This means that sshd will not be started until an incoming connection request is received.  This has been done to reduce the memory consumed by Ubuntu Server instances by default, which is of particular interest with Ubuntu running in VMs or LXD containers: by not running sshd when it is not used, we save at least 3MiB of memory in each instance, representing a savings of roughly 5% on an idle, pristine kinetic container.

At Canonical we care about making Ubuntu as efficient as possible on your hardware and in the cloud, which is why this change has been landed as part of a larger effort to reduce the default memory footprint of our images.  A default Ubuntu 22.04 LXD image at release time used 65MiB of RAM, which in kinetic now uses 58MiB after this OpenSSH change; and more improvements are in progress, with the intention of backporting the safer changes to our Ubuntu 22.04 images to improve memory usage for the greatest number of users.

On new installs of Ubuntu 22.10 or later, the OpenSSH change in behavior should be completely transparent to users.

In Ubuntu 22.10, Ubuntu 23.04, and Ubuntu 23.10, on upgrade users who had configured 
Port
 settings or a 
ListenAddress
 setting in 
/etc/ssh/sshd_config
 will find these settings migrated to 
/etc/systemd/system/ssh.socket.d/addresses.conf
.  (As an exception, if more than one 
ListenAddress
 setting is declared, the configuration is not migrated because systemd’s 
ListenStream
 has different semantics: any address configured which is not present at boot time would cause the 
ssh.socket
 unit to not start.  Because it is not possible to reliably determine at upgrade time whether 
ssh.socket
 could fail to start on reboot, if you have more than one 
ListenAddress
 configured, your system will not be migrated to socket-based activation but instead the daemon will be started on boot as before.)

In Ubuntu 24.04 LTS these settings are no longer migrated, but the port and address settings are pulled dynamically from 
sshd.conf
 via a systemd generator.

Socket activation is recommended wherever possible, but if for any reason you find after migration that this is incompatible with your configuration, it is still possible to revert to the previous non-socket-activated behavior by running:

systemctl disable --now ssh.socket
rm -f /etc/systemd/system/ssh.service.d/00-socket.conf
rm -f /etc/systemd/system/ssh.socket.d/addresses.conf
systemctl daemon-reload
systemctl enable --now ssh.service

ANSWERS:
Works well for me. One thing I verified is that the 
hosts_access(5)
 (libwrap) remains the same: it does. I do have a couple of suggestions:

We still ship 
sshd_config
 with 
#ListenAddress
 and 
#Port
 lines, with no warning about them not being honored anymore by default. Users editing those will be surprised that they have no effect. I think they should be replaced or complemented by a comment explaining the new way for specifying the listen address and port (maybe by pointing to 
openssh-server.README.Debian
, see below). I see that this requires patching upstream’s 
sshd_config
, which is a bit annoying.

There’s useful info about socket-based activation in 
README.Debian
, but I initially failed to find it because it gets installed by the 
openssh-client
 package, as it’s the first package specified in 
d/control
. Consider moving the socket activation bits to 
d/openssh-server.README.Debian
 in the source package.

TIL about 
sd_listen_fds(3)
!

Thanks for the feedback.  It was intended to document in the default sshd_config that these options are unused, but that didn’t get done yet.  I’ll make sure that’s handled in the next upload.

As far as finding README.Debian, openssh-server has a strict versioned dependency on openssh-client because  /usr/share/doc/openssh-server is a symlink to /usr/share/doc/openssh-client - so I’m not sure why this prevented you from finding it?

vorlon:

As far as finding README.Debian, openssh-server has a strict versioned dependency on openssh-client because /usr/share/doc/openssh-server is a symlink to /usr/share/doc/openssh-client - so I’m not sure why this prevented you from finding it?

As I was inspecting the package more in general I had a look at the files installed by 
openssh-server
 and didn’t see 
README.Debian
. This is not what users will (and should) normally do, I think the current approach is good, thanks for pointing me to it.

What will happen if there are Port or ListenAddress entries in an Include file eg in /etc/ssh/sshd_config.d? Thanks

the upgrade code understands and follows Include directives.

Hello,

So in simple terms, how can we change the ssh port on a new install of Ubuntu 22.10?

(I cannot find the right way to do it,  after editing the port in 
/lib/systemd/system/ssh.socket
, the port 
ssh.socket
 is listening to changed as excepted and it starts successfully, however whenever I try to SSH, 
ssh.socket
 on the server side will fail immediately and refuse connections.)

in README.Debian you write

mkdir -p /etc/systemd/system/ssh.socket.d
cat >/etc/systemd/system/ssh.socket.d/listen.conf <<EOF
[Socket]
ListenStream=2222
EOF

this makes sshd listen on port 2222 and port 22.

I think you should mention that for sshd to listen n 2222 only  you need to do this:

mkdir -p /etc/systemd/system/ssh.socket.d
cat >/etc/systemd/system/ssh.socket.d/listen.conf <<EOF
[Socket]
ListenStream=
ListenStream=2222
EOF

quote from man systemd.socket

These options may be specified more than once, in which case incoming traffic on any of the sockets will trigger service activation, and all listed sockets will be passed to the service,
regardless of whether there is incoming traffic on them or not. If the empty string is assigned to any of these options, the list of addresses to listen on is reset, all prior uses of any
of these options will have no effect.

Long story short - for all those who do not like this change:

systemctl disable --now ssh.socket

systemctl enable --now ssh.service

As per: /usr/share/doc/openssh-server/README.Debian.gz

Then the /etc/ssh/sshd_config works again with Ports and Addresses settings.

in some cases when updating 
/etc/systemd/system/ssh.service.d/00-socket.conf
 is created.

This file forces the use of ssh.socket. You might also check the existence of this file and delete it followed by a 
systemctl daemon-reload

This solution works fine, thanks.

I’m trying to bind to an IP address assigned by DHCP by mac and that fails, apparently the socket is created before the IP is set up.

I want to exclude all but this interface from being served sshd. How am I going about that with ssh.socket?

What is the benefit of ssh.socket? The price is that ssh configuration is now split between the actual ssh daemon and systemd. I rarely read ssh documentation or even the comments in sshd_config anymore and was just baffled first that my settings are ignored, then that there was not /etc/systemd/system/ssh.socket.d but an ssh.service.d that apparently was not used. ssh.socket.d does of course not use sshd_config syntax. The package is named ssh, the documentation is named openssh. I had to find out that the actual documentation is in systemd.socket. All that was a bit annoying, since I had something else to accomplish and just wanted to log into that box.

It sounds like in the near future, ssh.service will be deprecated or somehow disabled, so I’m not sure if it’s a good idea to just ignore it and revert to ssh.service.

There must be some substantial benefit of using the socket mechanism? I didn’t find any mention anywhere what that in the case of sshd might be…

The problem with not using “/etc/ssh/sshd_config” is that if you stop sshd (sshd stop service), and start it (sshd start service) it takes the port from the “/etc/ssh/sshd_config” configuration file, and not from “/etc/systemd/system/ssh.socket.d/listen.conf”!

For me this is not a very good solution because it generates human errors!

A small comment in the config file on “
#Port
” would be a minimum and welcome 

If you like a comment … to avoid the admin to waste their time

I am still wondering why Ubuntu would change something that has been working since the last century.  For me the fixes didn’t work until I reverted back to the old configuration.  So for me, this is 3 strikes.

1 strike for changing it in the first place.

2nd for the socket-based fix not working

3rd strike for inadequate documentation.

I did a search as to why socket based activation is “superior”.  Supposedly it is there to minimize memory usage.  Allegedly this reduces memory from 65MiB to 58Mib.  I guess if this makes the ppl at Canonical happy but even a Raspberry PI 3B has 1 GB of memory.

I’m having similar issues with sshd on my ubuntu 22.10 installation.  I have followed the instructions in 
/usr/share/doc/openssh-server/README.Debian.gz
:

  systemctl disable --now ssh.socket
  systemctl enable --now ssh.service

however, as the outputs of a few different commands I’ve typed show, 
ssh.socket is still running
 and systemd is still listening to port 22.

root@bournemouth:/usr/share/doc/openssh-client# systemctl status ssh.service
● ssh.service - OpenBSD Secure Shell server
     Loaded: loaded (/lib/systemd/system/ssh.service; enabled; preset: enabled)
    Drop-In: /etc/systemd/system/ssh.service.d
             └─00-socket.conf
     Active: active (running) since Sat 2023-04-22 23:42:40 EDT; 10min ago
TriggeredBy: ● ssh.socket
...

root@bournemouth:/usr/share/doc/openssh-client# systemctl status ssh.socket
● ssh.socket - OpenBSD Secure Shell server socket
     Loaded: loaded (/lib/systemd/system/ssh.socket; disabled; preset: enabled)
     Active: active (running) since Sat 2023-04-22 23:42:40 EDT; 10min ago
      Until: Sat 2023-04-22 23:42:40 EDT; 10min ago
   Triggers: ● ssh.service
     Listen: [::]:22 (Stream)
      Tasks: 0 (limit: 9365)
     Memory: 4.0K
        CPU: 1ms
     CGroup: /system.slice/ssh.socket
...

root@bournemouth:/usr/share/doc/openssh-client# lsof -iTCP -sTCP:LISTEN 
COMMAND     PID            USER   FD   TYPE DEVICE SIZE/OFF NODE NAME
systemd       1            root   60u  IPv6 214824      0t0  TCP *:ssh (LISTEN)
systemd       1            root  345u  IPv4  17890      0t0  TCP *:sunrpc (LISTEN)
systemd       1            root  347u  IPv6  17891      0t0  TCP *:sunrpc (LISTEN)
rpcbind     685            _rpc    4u  IPv4  17890      0t0  TCP *:sunrpc (LISTEN)
rpcbind     685            _rpc    6u  IPv6  17891      0t0  TCP *:sunrpc (LISTEN)
systemd-r   687 systemd-resolve   14u  IPv4  24694      0t0  TCP localhost:domain (LISTEN)
systemd-r   687 systemd-resolve   16u  IPv4  24696      0t0  TCP localhost:domain (LISTEN)
cupsd      5583            root    7u  IPv6  70007      0t0  TCP ip6-localhost:ipp (LISTEN)
cupsd      5583            root    8u  IPv4  70008      0t0  TCP localhost:ipp (LISTEN)
sshd      12927            root    3u  IPv6 214824      0t0  TCP *:ssh (LISTEN)

Sorry, it appears the documenation became inaccurate once we added /etc/systemd/system/ssh.service.d/00-socket.conf.  If you remove this file (or rename it to be inactive) and then run the other two commands, it works as expected.  Opened 
https://bugs.launchpad.net/ubuntu/+source/openssh/+bug/2017434
 to track resolution of the documentation bug.

Sorry if I’m missing the obvious, but documentation in Ubuntu in general is so terrible to find…

After changing the port in /etc/systemd/system/ssh.socket.d, what do I need to do to make it take effect ? (without rebooting the machine that is)

According to 
/usr/share/doc/openssh-server/README.Debian.gz
 (again, documetnation is spread everywhere, it’s hours to find anything), to make it pick up on the new address should require 
systemctl daemon-reload
.

Except it doesn’t work … nothing I do seems to make it listen to my selected port 

Disabling the system socket thing makes it work:

systemctl disable --now ssh.socket
systemctl enable --now ssh.service

Now it is listening to the new port.

A bit more searching and 
this stack overflow question
 answered it:

I needed to add and extra “ListenAddress=” line, with an empty address !? Yes … those undocumented mysteries … But then it works.

Breaks SSH access for anyone using 
/etc/ssh/sshd_config
 on Ubuntu 22.10, 23.04, 23.10…

RIP those who block Port 22. Hope ya’ll had backups or physical access. 

@vorlon

NEEDS to be added to the OP… make this google-able.

To go back to previous SSH behavior:

sudo rm /etc/systemd/system/ssh.service.d/00-socket.conf

systemctl disable --now ssh.socket

systemctl enable --now ssh.service

sudo systemctl daemon-reload

sudo systemctl restart ssh

Thanks","[-0.010734558, -0.080200195, -0.029663086, -0.011634827, -0.05340576, -0.016662598, -0.036010742, 0.029144287, 0.03152466, 0.050994873, -0.033294678, 0.03451538, 0.12939453, -0.02859497, 0.03010559, -0.10449219, 0.049438477, 0.0064086914, 0.044891357, 0.031677246, 0.027435303, -0.02696228, 0.001326561, 0.05960083, 0.07122803, 0.06384277, 0.015220642, 0.044677734, -0.06567383, -0.06616211, -0.060272217, 0.056671143, -0.044769287, -0.08795166, -0.10467529, -0.0002348423, -0.043304443, 0.011932373, -0.09765625, 0.06500244, 0.060272217, -0.02078247, -0.002729416, 0.032318115, -0.015052795, -0.056884766, 0.04156494, -0.0064353943, 0.027801514, -0.00844574, 0.082092285, 0.115234375, 0.07727051, 0.052642822, 0.0027179718, -0.047668457, -0.012954712, 0.07745361, -0.1159668, -0.07727051, 0.005241394, 0.07434082, 0.013145447, -0.060150146, 0.0030651093, -0.02293396, 0.07727051, 0.0440979, 0.058807373, -0.008415222, -0.094055176, 0.0357666, 0.06100464, 0.008132935, 0.034729004, 0.011871338, 0.028076172, 0.036590576, -0.0034008026, 0.0021457672, 0.006088257, 0.06341553, 0.001209259, 0.0362854, 0.03152466, 0.0077552795, -0.075927734, 0.062347412, -0.10168457, 0.005218506, -0.034210205, 0.0619812, -0.019927979, -0.046569824, -0.012550354, 0.121276855, -0.04534912, -0.0005850792, -0.022644043, 0.020874023, 0.013389587, -0.07122803, -0.05807495, 0.016616821, -0.028656006, 0.0135650635, -0.035064697, 0.01121521, -0.07092285, -0.004814148, 0.08282471, -0.07019043, 0.019851685, 0.055755615, 0.051513672, 0.122924805, -0.00076818466, -0.016479492, -0.07727051, 0.027908325, -0.019836426, 0.03466797, 0.009223938, -0.046875, -0.099243164, -0.024032593, -0.053009033, 0.01876831, 0.03656006, 0.006793976, -0.060577393, -0.06161499, -0.04360962, 0.028762817, 0.021942139, 0.070129395, -0.00843811, 0.054870605, 0.03111267, -0.03326416, 0.05267334, 0.060668945, 0.02407837, 0.027389526, -0.007045746, 0.0054016113, 0.08282471, -0.010002136, 0.009796143, -0.053741455, -0.051361084, -0.06542969, -0.029037476, -0.002620697, -0.012046814, 0.050811768, -0.06793213, -0.0446167, 0.008850098, -0.0027618408, 0.044555664, -0.07727051, -0.05331421, -0.100097656, -0.03692627, -0.008049011, 0.041931152, -0.005329132, 0.072387695, -0.05041504, -0.053222656, -0.04345703, 0.050231934, 0.039916992, 0.07727051, -0.09649658, -0.02330017, 0.012565613, -0.059387207, 0.008422852, 0.0070152283, 0.054504395, -0.034332275, -0.018997192, -0.060333252, 0.018234253, -0.044006348, 0.025878906, -0.05456543, -0.024139404, -0.077697754, -0.025268555, 0.111816406, 0.003967285, -0.009963989, 0.082458496, -0.033721924, 0.04257202, -0.018875122, -0.058441162, 0.031585693, -0.018478394, 0.0032634735, 0.016204834, -0.025619507, -0.010017395, -0.060791016, -0.008102417, 0.013923645, 0.015640259, -0.036590576, 0.11480713, -0.044189453, 0.08068848, 0.015289307, 0.020065308, -0.06304932, 0.059173584, 0.0791626, -0.04901123, 0.054656982, 0.044555664, -0.00018751621, -0.07330322, 0.025772095, 0.026367188, -0.004348755, -0.016113281, 0.0925293, 0.027023315, 0.00390625, 0.015457153, -0.02720642, 0.007709503, 0.0949707, 0.11608887, 0.0024547577, 0.032318115, 0.016113281, 0.048034668, 0.06732178, 0.041931152, -0.0023345947, -0.02758789, -0.03540039, 0.12445068, -0.0024604797, 0.03451538, 0.0647583, -0.025131226, -0.030334473, 0.04119873, -0.12042236, 0.048187256, 0.017059326, -0.04437256, -0.04699707, -0.034210205, 0.058654785, 0.041931152, 0.0009059906, 0.028549194, 0.051635742, -0.08905029, 0.017349243, -0.0015554428, -0.037078857, 0.066467285, -0.083496094, 0.008239746, 0.0024337769, -0.024841309, -0.07385254, 0.016540527, 0.11242676, -0.037750244, 0.007118225, 0.02947998, 0.032470703, 0.068847656, -0.062286377, 0.046722412, 0.016967773, -0.053741455, 0.08862305, -0.066467285, -0.00088739395, -0.021057129, -0.15515137, -0.07006836, 0.053771973, -0.014389038, -0.031585693, -0.022644043, -0.0647583, 0.022766113, 0.09057617, -0.0574646, -0.03326416, -0.040100098, 3.6537647e-05, -0.045410156, -0.049926758, 0.012901306, -0.04714966, -0.0059127808, -0.027404785, -0.06939697, 0.043121338, -0.037750244, -0.023345947, -0.035614014, 0.02545166, -0.03692627, -0.04248047, -0.09075928, -0.0049476624, 0.056854248, 0.023361206, -0.021438599, 0.03955078, 0.0010528564, 0.043884277, -0.048614502, -0.06384277, -0.0015859604, 0.026367188, -0.012702942, 0.042022705, -0.066467285, 0.03466797, -0.028244019, 0.04006958, -0.024353027, 0.036468506, 0.0769043, 0.0067367554, -0.0015163422, -0.08459473, 0.007423401, 0.076416016, -0.060791016, -0.08911133, 0.021530151, 0.0035629272, -0.044799805, -0.008010864, 0.040863037, -0.05480957, -0.10601807, 0.010658264, -0.11920166, 0.041229248, 0.036224365, 0.02658081, -0.0028057098, -0.07720947, -0.01361084, -0.00067949295, -0.034484863, -0.0067100525, 0.013870239, 0.03225708, -0.009315491, -0.019088745, 0.076538086, -0.031204224, 0.14135742, 0.01625061, 0.016036987, -0.01184845, 0.021072388, 0.08300781, -0.013145447, 0.06072998, 0.026779175, -0.012046814, -0.037384033, 0.003917694, -0.012237549, -0.01109314, 0.10430908, -0.10797119, -0.05947876]"
kb_discourse_20268,ubuntu_discourse,https://discourse.ubuntu.com/t/20268,How to compile kernel in ubuntu 20.04,"kernel,sudo,dhclient",5,40042,5,"QUESTION: How to compile kernel in ubuntu 20.04
STEP 1: FIRST TYPE IN TERMINAL : sudo nano /etc/default/grub

where nano is your TEXT editor

STEP2: INCREASE GRUB_TIMEOUT TO 10 WHICH DETERMINES YOUR BOOTING TIME

press ctrl+o and enter to save the file and then ctrl+x to exit.

STEP 3. type: sudo update-grub  to update the changes.

STEP 4:  TYPE: uname -r  to show the kernel version installed in your computer . OR uname -a all about it

STEP 5: GO TO  
www.kernel.org
  and download the stable or longterm release (tarball version)  it is highly recommanded to download the stable or longterm versions .

STEP6.GO TO  your downloaded KERNEL FOLDER( WE ASSUME THAT THE FOLDER IS IN /Downloads/)

STEP7. type:  cd ~/Downloads/  in terminal and type mkdir linux_kernel

STEP8. EXTRACT THE .tar file there (in the linux_kernel folder )

STEP9. TYPE : sudo apt-get install build-essential gcc bc bison flex libssl-dev libncurses5-dev libelf-dev

to install dependencies gcc is the c compiler  flebx is lexical analyzer and bison is parser.

STEP10. type:  cp /boot/config-$(uname -r)  ./. config  to provide support a wide range of hardware by copying the .config file.

STEP 11. type make localmodconfig   it will ask u questions about the new drivers  and support of kernel  keep pressing enter to set all the answers of the questions to default or u may search google for answering this.you have to type this command in /Downloads/linux_kernel folder otherwise the method will not work…

IF U KNOW WHAT THE KERNEL MODULE IS ABOUT THEN U MAY ANSWER THIS …

or…

The Linux kernel build-system provide many build targets, the best way to know about it is probably to do a make help:

Configuration targets:

config      - Update current config utilising a line-oriented program

nconfig         - Update current config utilising a ncurses menu based program

menuconfig      - Update current config utilising a menu based program

xconfig     - Update current config utilising a QT based front-end

gconfig     - Update current config utilising a GTK based front-end

oldconfig   - Update current config utilising a provided .config as base

localmodconfig  - Update current config disabling modules not loaded

localyesconfig  - Update current config converting local mods to core

silentoldconfig - Same as oldconfig, but quietly, additionally update deps

defconfig   - New config with default from ARCH supplied defconfig

savedefconfig   - Save current config as ./defconfig (minimal config)

allnoconfig     - New config where all options are answered with no

allyesconfig    - New config where all options are accepted with yes

allmodconfig    - New config selecting modules when possible

alldefconfig    - New config with all symbols set to default

randconfig      - New config with random answer to all options

listnewconfig   - List new options

olddefconfig    - Same as silentoldconfig but sets new symbols to their default value

kvmconfig   - Enable additional options for guest kernel support

tinyconfig      - Configure the tiniest possible kernel

what i have written above is a list of all kernel compiling policies .

STEP 12:TYPE:  make -j4 deb-pkg  where  4 is the number of cores/thread of your processor u want to give the kernel compiling process … now take a cofee mug in your hand wait for half of an hour or 40-50 mins acconding to your proceesors quality. the command will make a .deb file of your compiled kernel.

STEP 13: Type: sudo dpkg -i linux-*.deb it will install the compiled .deb package in your system.

STEP 14: Type: sudo  update-grub to update grub of your system .

STEP15: NOW REBOOT AND YOU WILL SEE YOUR COMPILED KERNEL IN GRUB MENU. ENJOY YOUR OWN KERNEL.

FOR YOUR HELP I  THINK THIS VIDEO WILL BE HELPFUL

https://youtu.be/E4yRcmQqvWM

’

IF U DO NOT WANT TO COMPILE KERNEL JUST INSTALL THE KERNEL THEN YOU CAN SEARCH FOR   linux-headers  and linux-image packages by running apt-cache search

and then update your grub by sudo update-grub

There  is another way to do it. You can install .deb packages of kenel and linux-headers

then run STEP 13  AND STEP  14

ANSWERS:
after step 12: I have got below files in my /Downloads folder and the I fallowed the step 13 with “sudo dpkg -i linux-mage-5.10.34-dbg_5.10.34-1_amd64.deb” command.

But after reboot I didn’t see my new kernel image in my /boot folder.

Can you help with this to me?

linux-headers-5.10.34_5.10.34-1_amd64.deb

linux-image-5.10.34_5.10.34-1_amd64.deb

linux-image-5.10.34-dbg_5.10.34-1_amd64.deb

linux-libc-dev_5.10.34-1_amd64.deb

After running 
sudo dpkg -i linux-*.deb
, you’ll need to run 
sudo update-grub
.

I have updated the grub 

but still there is no 5.10.34 kernel in my /boot

go 
https://launchpad.net/ubuntu/+source/linux/

wget https://launchpad.net/ubuntu/+archive/primary/+sourcefiles/linux/5.11.0-25.27/linux_5.11.0.orig.tar.gz
wget https://launchpad.net/ubuntu/+archive/primary/+sourcefiles/linux/5.11.0-25.27/linux_5.11.0-25.27.diff.gz
cd
rm -rf ubuntucustom
mkdir ubuntucustom
cd ubuntucustom
tar xzf ../linux_5.11.0.orig.tar.gz
cp ../linux_5.11.0-25.27.diff.gz ./
gunzip *.diff.gz
cd linux-5.11
patch -p1 < ../linux_*.diff
cp /boot/config-`uname -r` .config
yes """" | make oldconfig
make clean
make -j `getconf _NPROCESSORS_ONLN` deb-pkg LOCALVERSION=-25.27custom

Ok sir ! Thank You ! I forgot to write it

Hi,

I have met below errors, do you know how to fix this?

make[2]: *** [debian/rules:7: build-arch] Error 2
dpkg-buildpackage: error: debian/rules binary subprocess returned exit status 2
make[1]: *** [scripts/Makefile.package:77: deb-pkg] Error 2
make: *** [Makefile:1576: deb-pkg] Error 2

Note that i have already change the SAFETY_TRUSTED_KEYS to “”, didn’t help.

The build tools are all have been installed,

bc is already the newest version (1.07.1-2build1).
bison is already the newest version (2:3.5.1+dfsg-1).
flex is already the newest version (2.6.4-6.2).
gcc is already the newest version (4:9.3.0-1ubuntu2).
gcc set to manually installed.
libelf-dev is already the newest version (0.176-1.1build1).
libncurses5-dev is already the newest version (6.2-0ubuntu2).
build-essential is already the newest version (12.8ubuntu1.1).
libssl-dev is already the newest version (1.1.1f-1ubuntu2.8).

Thanks a lot for help.

Exactly the same issues here. Curious if you found a solution.

there are errors in the guide

at least from step 7

STEP7. type: cd ~/Downloads/ in terminal and type mkdir linux_kernel

STEP8. EXTRACT THE .tar file there (in the linux_kernel folder )

STEP9. TYPE : sudo apt-get install build-essential gcc bc bison flex libssl-dev libncurses5-dev libelf-dev

to install dependencies gcc is the c compiler flebx is lexical analyzer and bison is parser.

STEP10. type: cp /boot/config-$(uname -r) ./. config to provide support a wide range of hardware by copying the .config file.

STEP 11. type make localmodconfig

It is not clear what should be done, besides they make mistakes, which for a novice kills the spirit of compiling a kernel. sorry my english is bad

I do it like this:

STEP7. cd ~/Downloads/

name@ubuntu:~/Downloads$

STEP8. name@ubuntu:~/Downloads/linux_kernel$ tar -xf /home/name/Downloads/linux-5.16.2.tar.xz

…

STEP10. type: cp /boot/config-$(uname -r) ./.config

the file: .config it will stay in the folder: /Downloads/linux_kernel/.config

and it should be in the folder: /Downloads/linux_kernel/linux-5.16.2/.config

that’s why the command: make localmodconfig

it will work if it is done in the folder: /Downloads/linux_kernel/linux-5.16.2

For me it worked with 
make localmodconfig
 in step on ubuntu 20.04. Thank you for this wonderful guide!

A post was split to a new topic: 
Wifi failed after compiling

root@ziomario-Z390-AORUS-PRO:/usr/src/linux-source-6.5.0/linux-source-6.5.0# make

…

CC [M]  ubuntu/ubuntu-host/ubuntu-host.mod.o

LD [M]  ubuntu/ubuntu-host/ubuntu-host.ko

BTF [M] ubuntu/ubuntu-host/ubuntu-host.ko

CALL    scripts/checksyscalls.sh

DESCEND objtool

INSTALL libsubcmd_headers

DESCEND bpf/resolve_btfids

INSTALL libsubcmd_headers

CHK     kernel/kheaders_data.tar.xz

Kernel: arch/x86/boot/bzImage is ready  (
#2
)

Reading from here :

How to compile kernel in ubuntu 20.04
 
Contribute

    STEP 1: FIRST TYPE IN TERMINAL : sudo nano /etc/default/grub 
where nano is your TEXT editor 
STEP2: INCREASE GRUB_TIMEOUT TO 10 WHICH DETERMINES YOUR BOOTING TIME 
press ctrl+o and enter to save the file and then ctrl+x to exit. 
STEP 3. type: sudo update-grub  to update the changes. 
STEP 4:  TYPE: uname -r  to show the kernel version installed in your computer . OR uname -a all about it 
STEP 5: GO TO  
www.kernel.org
  and download the stable or longterm release (tarball version)  it is highly…
  

he says to do this :

root@ziomario-Z390-AORUS-PRO:/usr/src/linux-source-6.5.0/linux-source-6.5.0# make -j4 deb-pkg

GEN     debian

error: creating source package requires git repository

What’s the next command to install the recompiled kernel or better to produce a deb package ?","[0.04156494, 0.03781128, 0.08911133, 0.0077400208, 0.045684814, -0.019500732, -0.122558594, -0.030349731, -0.11853027, -0.050994873, -0.062316895, 0.02949524, 0.062316895, -0.04812622, -0.07220459, -0.022354126, 0.01121521, 0.07324219, 0.07574463, -0.13330078, -0.02998352, 0.017349243, 0.022079468, -0.06335449, -0.03353882, 0.048675537, 0.0061302185, -0.0050086975, 0.06768799, -0.060302734, 0.04272461, 0.05441284, -0.011871338, 0.004371643, -0.07623291, 0.07244873, -0.061523438, -0.10736084, 0.025131226, -0.02859497, -0.023925781, -0.0519104, -0.011749268, 0.047790527, -0.030975342, -0.028396606, -0.05831909, 0.012748718, 0.020904541, -0.009384155, 0.036010742, 0.08959961, 0.035095215, 0.08123779, 0.040924072, 0.0021400452, 0.048065186, 0.02166748, -0.046569824, -0.066223145, -0.0178833, 0.11004639, 0.011268616, 0.007030487, -0.0022830963, 0.024353027, 0.120788574, -0.038970947, -0.0847168, 0.12365723, -0.049316406, -0.0063972473, 0.048431396, -0.04168701, -0.018096924, 0.06738281, 0.008842468, -0.048461914, 0.0021781921, -0.01789856, -0.03555298, 0.056488037, -0.01373291, 0.03048706, 0.051605225, 0.067993164, -0.025512695, 0.0725708, -0.0082092285, -0.04534912, -0.060638428, -0.0074882507, 0.01108551, -0.012145996, -0.009353638, 0.053710938, 0.037200928, -0.0574646, 0.0048332214, -0.02305603, -0.07702637, -0.038238525, 0.048614502, 0.05783081, -0.06585693, 0.058685303, 0.0015544891, 0.057861328, -0.10559082, -0.019729614, -0.0068473816, 0.035217285, -0.019119263, 0.045776367, 0.11151123, 0.0017414093, 0.07159424, -0.032165527, -0.032409668, 0.037506104, -0.06384277, 0.0079193115, -0.10870361, -0.008110046, 0.060394287, 0.01008606, 0.02619934, -0.1038208, 0.007446289, 0.013511658, -0.046813965, -0.037628174, 0.039398193, -0.027542114, 0.095947266, 0.07147217, 0.02418518, 0.07922363, 0.012588501, -0.03277588, -0.030853271, 0.10345459, -0.036376953, -0.04135132, -0.012870789, -0.052581787, 0.03555298, -0.06542969, 0.044952393, -0.0043144226, -0.034606934, -0.044006348, 0.078125, -0.0335083, -0.027496338, 0.029937744, -0.020462036, -0.04611206, -0.033691406, -0.04034424, 0.016815186, -0.03955078, -0.068359375, -0.09838867, 0.07800293, 0.045715332, 0.037963867, 0.020812988, 0.017608643, -0.030563354, 0.024276733, -0.018005371, 0.13903809, 0.046905518, 0.08862305, 0.017929077, -0.0024776459, 8.612871e-05, 0.010139465, -7.146597e-05, -0.0045928955, -0.12805176, 0.0037345886, -0.06768799, -0.1083374, -0.023651123, 0.08178711, -0.015823364, -0.09173584, -0.037994385, -0.027709961, -0.08312988, 0.05807495, 0.03173828, -0.07940674, 0.0009803772, 0.0335083, 0.0040397644, 0.03024292, -0.036865234, 0.03414917, -0.06567383, -0.10247803, -0.005153656, 0.0015897751, -0.059570312, -0.103515625, -0.003370285, 0.07720947, 0.0026779175, 0.068847656, 0.06097412, 0.0103302, 0.0949707, -0.018051147, -0.04309082, 0.0002193451, -0.07159424, -0.000787735, -0.04309082, 0.054595947, 0.066345215, 0.0013589859, 0.05899048, -0.04309082, 0.06994629, 0.048309326, -0.044525146, -0.026885986, -0.045074463, -0.024597168, -0.030349731, -0.059387207, -0.036254883, -0.036834717, -0.011871338, 0.02708435, -0.06774902, 0.009895325, 0.04650879, 0.011505127, -0.025787354, -0.005264282, -0.0418396, -0.0070877075, 0.012420654, -0.040802002, 0.01096344, 0.05026245, -0.030685425, -0.028961182, 0.0569458, -0.017456055, 0.12384033, -0.014953613, -0.091308594, -0.0013885498, -0.015136719, 0.09887695, -0.017715454, -0.05419922, 0.062408447, 0.06896973, -0.038970947, 0.10003662, 0.010215759, -0.04055786, -0.11804199, 0.014221191, -0.007221222, -0.027130127, -0.06210327, 0.030227661, -0.030960083, 0.11505127, -0.0035438538, 0.019348145, 0.057525635, -0.034240723, 0.058258057, -0.022109985, 0.05050659, 0.0046043396, 0.059509277, -0.0017700195, 0.029663086, -0.0021476746, -0.07727051, -0.08959961, 0.002412796, -0.04385376, 0.055725098, -0.022018433, 0.06878662, 0.012962341, 0.067871094, -0.0006790161, 0.009132385, 0.030151367, -0.06921387, -0.027633667, -0.06506348, 0.035125732, -0.03869629, 0.04675293, 0.049743652, -0.05709839, -0.03768921, 0.023071289, -0.038238525, -0.015838623, -0.0051460266, 0.15625, -0.007106781, 0.011077881, -0.005016327, 0.07116699, 0.06616211, 0.034484863, -0.022994995, 0.030929565, -0.025741577, -0.04827881, 0.07849121, 0.03918457, 0.03970337, 0.014953613, -0.1262207, 0.03668213, 0.012901306, -0.0026817322, -0.064941406, 0.020553589, 0.0041275024, 0.043640137, -0.03475952, -0.033721924, -0.00014746189, -0.04498291, -0.047424316, -0.058258057, 0.0026950836, -0.031555176, -0.014503479, -0.025512695, 0.036102295, -0.031555176, -0.034820557, -0.019699097, 0.041656494, -0.028320312, -0.06530762, 0.04248047, -0.016143799, 0.050872803, -0.022369385, 0.025375366, 0.06921387, 0.050201416, 0.019821167, -0.02458191, -0.031219482, -0.0107040405, -0.068481445, -0.04852295, -0.045806885, 0.0047454834, -0.0041275024, 0.06109619, -0.01979065, -0.05831909, 0.032470703, 0.028274536, 0.02671814, 0.019561768, 0.043395996, -0.025436401, 0.061279297, 0.06896973, 0.011810303, 0.05493164, 0.005809784, 0.038970947, 0.037506104]"
kb_discourse_20000,ubuntu_discourse,https://discourse.ubuntu.com/t/20000,Landscape-package-changer segfaulting with new apt update,kernel,17,882,1,"QUESTION: Landscape-package-changer segfaulting with new apt update
Hi folks,

I’m noticing landscape-package-changer segfaulting ever since the below updates were installed.  Its stopping me from applying package profiles and installing any new updates.

Upgrade package apt 1.6.12ubuntu0.1 to 1.6.12ubuntu0.2
Upgrade package apt-utils 1.6.12ubuntu0.1 to 1.6.12ubuntu0.2
Upgrade package curl 7.58.0-2ubuntu3.10 to 7.58.0-2ubuntu3.12
Upgrade package libapt-inst2.0 1.6.12ubuntu0.1 to 1.6.12ubuntu0.2
Upgrade package libapt-pkg5.0 1.6.12ubuntu0.1 to 1.6.12ubuntu0.2
Upgrade package libcurl3-gnutls 7.58.0-2ubuntu3.10 to 7.58.0-2ubuntu3.12
Upgrade package libcurl4 7.58.0-2ubuntu3.10 to 7.58.0-2ubuntu3.12
Upgrade package python-apt-common 1.6.5ubuntu0.3 to 1.6.5ubuntu0.4
Upgrade package python3-apt 1.6.5ubuntu0.3 to 1.6.5ubuntu0.4

The segfault message i’m getting is this, which seems to indicate a problem with python3-apt or libapt-inst. Unfortunately the previous versions are not available for me to downgrade to.

    landscape-packa[23874]: segfault at 28 ip 00007f249730cadf sp 00007ffeedef6d90 error 6 in apt_inst.cpython-36m-x86_64-linux-gnu.so[7f2497307000+a000]

Has anyone else seen this, or know of a fix?

Cheers

ANSWERS:
Thanks for the heads up. It might be worth filing a bug on this here: 
https://bugs.launchpad.net/landscape-client/+bugs

I’ve not seen anything currently on this but we can see how to move it forward from there.

I believe that this was fixed in 
https://ubuntu.com/security/notices/USN-4668-3
, which went out earlier today.

Manually upgraded a couple of machines to this version and it seems good now - will push out the rest of the upgrades through a script. Thanks!","[-0.13757324, -0.018127441, 0.011650085, 0.084228516, 0.032562256, 0.049987793, -0.07891846, -0.0037269592, 0.030166626, 0.06262207, 0.011390686, 0.05859375, -0.03152466, 0.006919861, -0.08239746, -0.04623413, -0.0357666, 0.0031814575, 0.028686523, 0.010414124, -0.017303467, 0.023666382, 0.0050697327, -0.0049858093, -0.019729614, 0.049560547, -0.00077819824, 0.051849365, -0.029449463, 0.007144928, 0.0151901245, 0.16174316, 0.0037822723, -0.10900879, 0.024612427, 0.036590576, -0.08380127, -0.051452637, -0.009635925, -0.032592773, 0.054504395, -0.023956299, 0.039916992, 0.017730713, 0.051116943, 0.0025577545, 0.11987305, 0.008857727, 0.037628174, -0.054260254, 0.016113281, -0.025146484, -0.035949707, 0.062561035, -0.007850647, -0.025177002, 0.014045715, 0.061309814, 0.01902771, -0.015670776, -0.052825928, 0.02029419, 0.02784729, -0.053527832, -0.10546875, -0.0362854, 0.09222412, -0.03390503, -0.03466797, 0.02027893, -0.08569336, 0.020523071, -0.04776001, 0.016601562, 0.028533936, 0.0036754608, -0.023086548, 0.037902832, -0.010879517, -0.035003662, -0.043060303, -0.020065308, -0.08911133, -0.08758545, -0.013427734, -0.011024475, -0.028762817, 0.097229004, -0.020935059, -0.005344391, 0.038513184, -0.009422302, 0.04046631, 0.06365967, -0.0068511963, -0.032196045, -0.043792725, -0.10998535, -0.09039307, 0.017547607, -0.03778076, -0.05987549, 0.013168335, 0.113342285, -0.0040626526, 0.011169434, 0.10559082, 0.004711151, -0.0019836426, -0.010398865, 0.013519287, 0.004470825, -0.01852417, -0.022216797, -0.046539307, 0.033233643, 0.028244019, 0.051452637, -0.023330688, 0.07714844, -0.016235352, 0.03378296, -0.037719727, 0.047821045, 0.01436615, -0.040740967, -0.054656982, -0.019866943, -0.0069618225, 0.03250122, 0.008460999, 0.04043579, 0.037231445, -0.053619385, 0.061706543, -0.0004658699, -0.061706543, -0.016693115, 0.0069351196, -0.031951904, -0.049957275, 0.09649658, -0.06958008, 0.047668457, -0.03704834, 0.013259888, -0.07513428, 0.0051841736, 0.10058594, -0.011665344, 0.034057617, -0.0019226074, 0.06732178, -0.014381409, 0.04107666, 0.018875122, 0.010818481, 0.013420105, -0.03515625, -0.040496826, 0.0137786865, 0.013923645, -0.01398468, 0.005821228, -0.010124207, 0.04525757, 0.03378296, -0.052093506, 0.006832123, -0.018478394, 0.07183838, -0.057281494, 0.11206055, -0.07952881, 0.07836914, 0.03137207, 0.048187256, -0.047027588, -0.04067993, 0.047698975, 0.032409668, 0.005760193, 0.048034668, -0.03881836, -0.01737976, 0.06689453, 0.026016235, 0.02444458, -0.010253906, -0.021820068, 0.018157959, -0.05960083, 0.09240723, 0.018417358, 0.056762695, 0.042419434, 0.039031982, 0.004108429, -0.01939392, 0.025283813, 0.017593384, 0.07519531, -0.001420021, -0.04699707, -0.021133423, 0.008880615, -0.051513672, -0.057373047, 0.04953003, -0.0848999, 0.033111572, -0.081970215, 0.008125305, 0.010314941, 0.053222656, -0.054748535, -0.02897644, -0.0022697449, 0.016998291, 0.026657104, -0.054351807, 0.017593384, 0.050354004, 0.008918762, -0.080078125, 0.12310791, 0.057037354, -0.016143799, -0.039764404, -0.03338623, -0.005256653, 0.036346436, 0.024871826, -0.047912598, 0.09448242, 0.10040283, -0.008712769, 0.053527832, 0.051605225, 0.04135132, -0.009918213, -0.008018494, -0.085754395, -0.033813477, -0.0077819824, 0.00422287, 0.006149292, -0.042419434, -0.017242432, -0.0062789917, 0.017120361, 0.015602112, -0.012268066, -0.103271484, 0.020614624, -0.08453369, -0.078125, 0.030136108, 0.10015869, -0.06756592, -0.014503479, -0.05038452, 0.07550049, -0.06842041, 0.020263672, 0.088378906, 0.06866455, -0.02696228, 0.1026001, -0.0758667, 0.0107803345, 0.017669678, -0.02658081, -0.07342529, 0.045196533, -0.031463623, -0.0028018951, 0.058654785, -0.00970459, 0.09887695, 0.0736084, 0.11315918, 0.061279297, 0.046173096, 0.04260254, 0.016571045, -0.064941406, -0.061950684, 0.002506256, -0.035308838, 0.0015277863, -0.06903076, 0.012557983, 0.07165527, 0.0077705383, -0.022079468, 0.021194458, -0.09246826, -0.028060913, -0.089782715, -0.032470703, 0.0028762817, -0.03753662, 0.03149414, 0.07067871, 0.041381836, -0.007183075, 0.041625977, 0.11022949, -0.1607666, -0.019577026, 0.000579834, 0.0725708, 0.049102783, -0.056121826, -0.045288086, -2.014637e-05, 0.078308105, 0.056671143, 0.009674072, -0.01612854, 0.021896362, -0.07763672, -0.05050659, 0.044036865, -0.009231567, 0.038909912, -0.017684937, -0.0037670135, -0.072387695, 0.07720947, -0.095825195, -0.009178162, 0.021469116, -0.00022792816, -0.011276245, -0.0043792725, -0.041992188, -0.0004813671, -0.04421997, 0.01499939, -0.050598145, -0.02720642, -0.024719238, -0.083496094, 0.047180176, -0.01725769, -0.00063180923, 0.016540527, -0.07763672, -0.039794922, -0.14733887, -0.03201294, -0.076416016, 0.018096924, 0.047332764, -0.115600586, -0.052337646, 0.06323242, 0.021469116, 0.037200928, -0.007835388, 0.061798096, -0.039276123, -0.13659668, 0.007484436, 0.004184723, 0.012802124, 0.04776001, 0.07086182, 0.018737793, -0.041809082, -0.042816162, -0.053222656, 0.033050537, 0.027359009, 0.012069702, -0.048919678, 0.044281006, 0.04840088, -0.1484375, -0.02520752, -0.011070251, 0.030288696]"
kb_discourse_43133,ubuntu_discourse,https://discourse.ubuntu.com/t/43133,[Spec] Kernel Accessories Seed and Metapackage,"kernel,dhclient,systemd",17,714,0,"QUESTION: [Spec] Kernel Accessories Seed and Metapackage
Index

US094

Title

Kernel Accessories Seed and Metapackage

Status

Pending Review

Author

Robie Basak

Type

Standard

Created

2023-02-02

Abstract

We want the default set of packages installed on an Ubuntu system to vary depending on whether the substrate contains a kernel or not. We introduce a new kernel-accessories seed and metapackage to abstract a list of default packages for installers and image generators to use.

Rationale

In 
FO147
, we want to make bpftrace and bpfcc-tools available by default on most Ubuntu systems. Normally, we would just add these to a suitable seed, such as standard or server. But lxd images contain no kernel, are generated from these seeds, and adding these packages would result in unnecessary image size bloat. We assume that BPF-related tooling would only make sense on a host, unless in a specially privileged container that has been prepared specifically for such use. This means it would be inappropriate for us to add BPF-related tooling to lxd images by default.

It seems inappropriate to special case these packages in every installer and image generator, so instead we will use a metapackage driven by a new seed.

Specification

From Noble onwards:

We shall introduce a new seed called kernel-accessories, and a new metapackage derived from it.

An appropriate kernel metapackage from src:linux-meta shall Recommend the kernel-accessories metapackage.

The seed shall be defined as “packages that should be installed by default when a kernel is installed by default”. The initial set of packages in this seed shall be defined by 
FO147
.

Packages added to this seed (whether now or in the future) should not ship any services that are enabled by default.

Further Information

Implementation mechanism

Implementation requires addition of the Recommends to src:linux-meta only, as specified above. This will cause the metapackage to be pulled in automatically both on fresh installations and on release upgrades.

Deployments which do not include Recommends by default, such as cloud-minimal, will not pull in this metapackage. This is the desired behaviour.

Rationale for metapackage

Using a metapackage that connects to the rest of the dependency tree from the existing kernel metapackage means that users’ systems will automatically maintain the set of packages we wish to pull in, over this and future release upgrades, without any further mechanism that needs to be implemented.

In more detail: as we change the set of “kernel accessory” packages over multiple distribution releases in the future, we would like users to stay “in sync” with this set unless they opt out of this management. This allows us to prevent skew between a fresh Ubuntu installation in a given release and an Ubuntu installation that has been release-upgraded up to it. By using a Recommends from the kernel metapackage, we further gain consistency even within the release that first introduces this metapackage without needing a quirk in ubuntu-release-upgrader to handle the upgrade path.

Alternate deployment mechanism

Instead of using Recommends from the existing kernel metapackage, we might have arranged for installers and image generators to separately pull in the metapackage at the time of installing a kernel. This would also allow for differentiation based on installer type, such as if we had wanted to make this package server-specific. However, this would have needed separate implementation in a variety of places, release upgrade quirks to “catch up” from older releases would have been required.

Further, differentiation between server and desktop images has been indicated by product management as undesirable. It is preferable for default behaviour to match unless there is a good reason to avoid this, so that users familiar with one environment can be automatically familiar with the other. Image size difference wasn’t considered to be large enough to warrant differentiation.

Other candidate packages for this new seed

It might make sense in the future to move more packages into this new seed. However, such potential changes are deferred for now. Some packages that are currently seeded in the server, including in container images, have been proposed as candidates for these future changes, if they make sense to install by default if and only if a kernel is installed by default:

lvm2

multipath-tools, though the systemd unit at least prevents that for running by default in containers so the benefit would be strictly about size

Image and Deployment Size Implications

Actually using this new metapackage has an implication of increased image size and installation size. This is really a matter for the separate spec that will define what packages will be added and consider those trade-offs, and are out of scope of this spec. However, in the decisions taken in this spec, we narrow our opportunity to differentiate based on image type (eg. Desktop vs. Server) and it is reasonable to consider whether this is appropriate. Product management has indicated that this is acceptable.","[-0.014450073, -0.041168213, 0.00015413761, -0.029891968, 0.041992188, -0.040405273, -0.024749756, -0.048828125, -0.091918945, -0.05883789, 0.00806427, 0.007637024, 0.089782715, -0.10748291, -0.05102539, 0.014785767, 0.025146484, -0.030883789, 0.049591064, -0.039398193, 0.052459717, -0.071777344, 0.025421143, -0.03161621, -0.033813477, 0.07086182, -0.081970215, -0.027679443, 0.059692383, -0.042236328, 0.044158936, 0.093322754, 0.027542114, -0.028900146, 0.009429932, -0.074035645, -0.0001513958, -0.0024642944, -0.023147583, 0.0121536255, -0.007080078, -0.17407227, -0.0071983337, 0.07067871, -0.0592041, -0.02456665, 0.00081157684, 0.06185913, 0.029052734, 0.0007443428, -0.05038452, 0.02067566, -0.027236938, -0.0028762817, -0.019821167, 0.029525757, 0.014205933, 0.04925537, 0.005317688, -0.03729248, 0.014251709, 0.07659912, -0.011627197, 0.010185242, -0.01448822, -0.022369385, 0.061676025, 0.073791504, -0.043518066, 0.006061554, -0.09454346, -0.004135132, 0.02293396, -0.003742218, -0.0027179718, 0.076171875, -0.018539429, -0.023345947, 0.014579773, -0.039093018, -0.07116699, 0.04119873, -0.022842407, -0.028274536, 0.019805908, 0.085998535, -0.08215332, 0.08258057, -0.09637451, -0.09729004, -0.12817383, -0.05795288, 0.03765869, -0.025146484, 0.032958984, 0.10467529, 0.06347656, -0.05355835, 0.014251709, 0.052734375, -0.06958008, -0.12030029, -0.011856079, 0.059936523, 0.008743286, -0.035247803, -0.032958984, -0.00484848, -0.062561035, 0.07965088, -0.027572632, 0.020446777, -0.018112183, 0.07873535, 0.06427002, 0.0859375, -0.029220581, -0.02470398, 0.044677734, 0.060150146, -0.1184082, 0.023529053, -0.019760132, -0.05822754, -0.056396484, 0.01965332, -0.06665039, -0.030258179, 0.028121948, 0.0178833, -0.02659607, 0.008964539, -0.049346924, -0.03857422, 0.0847168, 0.05355835, 0.03149414, 0.08508301, -0.010551453, 0.062194824, -0.017578125, 0.039794922, -0.040985107, 0.017456055, -0.021713257, 0.0048179626, 0.015510559, -0.06378174, -0.0011415482, -0.003446579, 0.05810547, -0.0725708, 0.07067871, 0.02204895, -0.024002075, 0.007068634, -0.033203125, 0.015350342, -0.033447266, -0.04953003, 0.032928467, 0.06713867, -0.027908325, 0.062438965, 0.003791809, -0.03955078, -0.0048217773, 0.01360321, 0.016357422, -0.024368286, -0.026153564, -0.03314209, 0.076416016, 0.0031414032, 0.16479492, 0.019378662, -0.058685303, -0.043426514, -0.04434204, 0.014907837, -0.015060425, -0.05480957, -0.012939453, -0.076538086, -0.0074806213, 0.021377563, 0.04095459, 0.021469116, -0.036315918, 0.013053894, -0.06161499, -0.014427185, 0.12731934, 0.00737381, 0.05633545, 0.13269043, 0.023391724, 0.0016269684, 0.0070495605, -0.050872803, -0.0023117065, 0.0340271, -0.009979248, 0.03302002, -0.093811035, -0.035583496, -3.9994717e-05, -0.068847656, 0.012901306, -0.057495117, 0.07977295, -0.036895752, 0.021194458, 0.050476074, 0.029846191, 0.03036499, 0.053100586, -0.0076828003, 0.03274536, -0.020645142, 0.10333252, 0.07672119, 0.040100098, 0.06341553, 0.00894928, 0.07824707, 0.099731445, -0.012077332, -0.022628784, 0.09362793, -0.0154953, -0.009559631, 0.017471313, -0.036224365, 0.025939941, 0.027404785, 0.10882568, 0.006374359, -0.004283905, 0.027328491, -0.13293457, -0.032073975, -0.035095215, 0.06341553, -0.10467529, 0.084228516, -0.019592285, -0.03640747, 0.022903442, -0.08508301, -0.0345459, 0.030670166, -0.047729492, -0.034423828, 0.05355835, -0.07281494, -0.041809082, 0.033966064, 0.13793945, 0.04852295, -0.05859375, 0.0016269684, 0.03564453, -0.008262634, 0.01576233, 0.06536865, -0.053375244, -0.01033783, -0.032806396, -0.05618286, 0.0496521, -0.017974854, 0.026290894, -0.020874023, -0.0069389343, -0.009025574, -0.028823853, 0.030807495, -0.116882324, 0.07672119, -0.028930664, 0.034606934, -0.009460449, 0.015113831, -0.0637207, -0.01411438, 0.02798462, -0.14282227, -0.048736572, -0.016357422, -0.07122803, -0.016860962, -0.04425049, -0.039520264, 0.0637207, 0.10546875, 0.11578369, -0.00090169907, 0.053619385, -0.059509277, 0.051940918, -0.02897644, 0.03479004, 0.036987305, 0.049957275, -0.017242432, -0.0132751465, -0.009750366, 0.039367676, -0.14746094, -0.02468872, 0.008239746, 0.043945312, -0.0501709, 0.003955841, -0.025680542, -0.020904541, 0.06072998, 0.020065308, -0.06335449, 0.020187378, 0.057159424, 0.014251709, -0.01146698, 0.021697998, 0.024459839, -0.0049476624, -0.06793213, 0.021270752, -0.005680084, 0.08569336, -0.047332764, 0.039642334, 0.0071029663, 0.034606934, 0.008102417, 0.016998291, 0.03466797, -0.08496094, -0.028411865, 0.06311035, -0.022628784, 0.0035572052, -0.06335449, -0.03048706, -0.08337402, 0.013511658, -1.8239021e-05, 0.02229309, 0.05014038, -0.021560669, -0.051849365, 0.0078048706, 0.04751587, 0.024795532, 0.021530151, -0.07159424, 0.03189087, 0.041107178, 0.028427124, -0.02658081, -0.01448822, 0.026367188, -0.0015792847, -0.11810303, 0.029556274, 0.016983032, 0.0024852753, 0.054351807, 0.0017738342, -0.017837524, -0.10253906, 0.0033340454, -0.007030487, -0.031799316, 0.01965332, -0.008468628, 0.00472641, 0.10028076, 0.005584717, -0.010238647, -0.009117126, -0.026885986, 0.013420105]"
kb_discourse_67909,ubuntu_discourse,https://discourse.ubuntu.com/t/67909,Ubuntu 24.04 unattended-upgrades failed to restart nginx,"sshd,CRON,systemd",17,613,0,"QUESTION: Ubuntu 24.04 unattended-upgrades failed to restart nginx
Today unattended-upgrades upgraded libc6 and restarted all services using it.

I don’t want to discuss whether unattended-upgrades should or should not restart services, I will go with whatever Ubuntu 24.04’s default behavior is.

I just want to initiate a discussion on how to prevent nginx from failing to restart again.

This is what happened:

# tail /var/log/apt/history.log

Start-Date: 2025-09-23  06:09:19
Commandline: /usr/bin/unattended-upgrade
Upgrade: libc6:amd64 (2.39-0ubuntu8.5, 2.39-0ubuntu8.6), locales:amd64 (2.39-0ubuntu8.5, 2.39-0ubuntu8.6), libc-dev-bin:amd64 (2.39-0ubuntu8.5, 2.39-0ubuntu8.6), libc-bin:amd64 (2.39-0ubuntu8.5, 2.39-0ubuntu8.6), libc-devtools:amd64 (2.39-0ubuntu8.5, 2.39-0ubuntu8.6), libc6-dev:amd64 (2.39-0ubuntu8.5, 2.39-0ubuntu8.6)
End-Date: 2025-09-23  06:09:31

Needrestart triggered service restarts

# less /var/log/unattended-upgrades/unattended-upgrades-dpkg.log

Restarting services...
 /etc/needrestart/restart.d/systemd-manager
 systemctl restart cron.service nginx.service ssh.service systemd-journald.service systemd-resolved.service
Job for nginx.service failed because the control process exited with error code.
See ""systemctl status nginx.service"" and ""journalctl -xeu nginx.service"" for details.

nginx failed to restart with this error

# systemctl status nginx.service 
× nginx.service - A high performance web server and a reverse proxy server
     Loaded: loaded (/usr/lib/systemd/system/nginx.service; enabled; preset: enabled)
     Active: failed (Result: exit-code) since Tue 2025-09-23 06:09:12 CEST; 2h 9min ago
   Duration: 6d 11h 15min 10.745s
       Docs: man:nginx(8)
        CPU: 53ms

Sep 23 06:09:12 server nginx[2416442]: 2025/09/23 06:09:12 [emerg] 2416442#2416442: host not found in upstream ""ec2-3-120-6-158.eu-central-1.compute.amazonaws.com:8000"" in /etc/nginx/sites->
Sep 23 06:09:12 server nginx[2416442]: nginx: configuration file /etc/nginx/nginx.conf test failed
Sep 23 06:09:12 server systemd[1]: nginx.service: Control process exited, code=exited, status=1/FAILURE
Sep 23 06:09:12 server systemd[1]: nginx.service: Failed with result 'exit-code'.
Sep 23 06:09:12 server systemd[1]: Failed to start nginx.service - A high performance web server and a reverse proxy server.

The upstream host DOES EXIST and IS RESOLVABLE.

The problem was, I assume, that systemd-resolved.service and nginx.service were restarted at the same time.

The fix, in this case, was easy, I just restarted nginx manually while systemd-resolved was running.

Unfortunately this caused production outage, not mentioning that all our maxscale, elasticsearch, mariadb, keepalived, etc… services were restarted as well. I am not going to comment on that, and I am glad we have not migrated our RabbitMQ cluster to Ubuntu 24.04 yet…

Since Ubuntu 24.04 defaulted to restarting all affected services after unattended-upgrade does a library upgrade, is it at least possible to restart them one by one? Or restart all systemd- services prior the non-systemd services?

Thanks,

Oskar

ANSWERS:
BTW, I really appreciate these two docs

https://documentation.ubuntu.com/server/how-to/software/automatic-updates/

`needrestart` changes in Ubuntu 24.04: service restarts

They explain very well how unattended-upgrades and needrestart behave in Ubuntu 24.04. And thanks to them I know how to exclude nginx.service from being restarted (or how to go back to the old needrestart behavior altogether)

But what if I decide to go with the Ubuntu 24.04 server defaults? I might end up with not running nginx…

Sorry about this problem. An outage is definitely a bad thing.

Let’s unpack this into a few topics and see what options are available.

unattended-upgrades

It can be configured to not apply certain updates, and perhaps for your use case, glibc should be in that list. The documentation is at 
https://documentation.ubuntu.com/server/how-to/software/automatic-updates/

needrestart

I found this discourse post, linked from the README.Ubuntu file in the package: 
`needrestart` changes in Ubuntu 24.04: service restarts
. This talks about the change in behavior introduced in 24.04 about automatic service restarts.

In particular, this talks about how to configure it to prevent restarting single services: 
`needrestart` changes in Ubuntu 24.04: service restarts

nginx

Perhaps it could treat an unresolvable name as a non-fatal error in its configuration check? But maybe in your case, if the name, 
at that time
, is indeed unresolvable, then it would fail to start for real.

Bugs

In the end, regardless of the reason, what happened is that your service failed while an update was being applied. Maybe the less intrusive fix would be to not attempt restarts after a glibc security update, or block glibc from getting automatic security updates. There are pros and cons. An outage is definitely a con, but we also have to think about the generic case in Ubuntu.

Perhaps file a bug against glibc, since its update is what started this all, and the developers can go from there to see what’s the best way to handle this scenario in a generic way.

For your specific case, I suggest, for now, to investigate the alternatives I listed above, particularly in unattended-upgrades and needrestart configuration options.","[-0.028167725, -0.010978699, 0.064941406, 0.055145264, 0.045654297, -0.045288086, -0.11291504, -0.023620605, 0.015640259, 0.01838684, -0.05657959, 0.09448242, -0.007858276, 0.0033283234, -0.06427002, 0.008659363, 0.026184082, 0.042633057, 0.033996582, 0.050445557, -0.03189087, -0.04107666, 0.0075645447, -0.032409668, -0.032226562, 0.024536133, -0.014389038, -0.0007543564, -0.031921387, -0.038970947, 0.03062439, 0.081726074, -0.08892822, -0.061920166, -0.045959473, 0.066101074, -0.057281494, -0.017074585, -0.03955078, 0.039886475, 0.0026226044, 0.005630493, -0.07299805, 0.10736084, -0.033355713, 0.0056915283, -0.006958008, -0.06085205, 0.007896423, -0.024780273, 0.005241394, 0.0463562, 0.05130005, 0.043060303, -0.036193848, 0.07196045, -0.066223145, 0.0007109642, 0.037750244, -0.044281006, 0.039398193, -0.020355225, 0.0060768127, -0.09124756, -0.06329346, 0.020584106, 0.08111572, -0.0236969, -0.016464233, 0.1270752, -0.080444336, 0.056671143, -0.08343506, -0.02633667, 0.08709717, 0.02293396, 0.064697266, 0.007091522, -0.048980713, -0.04095459, 0.0013523102, -0.037475586, 0.048736572, 0.022384644, 0.0036830902, -0.0057258606, -0.05645752, 0.04498291, 0.0149383545, 0.068359375, -0.030685425, 0.033935547, 0.09661865, 0.017547607, 0.013290405, 0.045532227, 0.003900528, 0.030838013, -0.09197998, 0.03186035, -0.010253906, 0.030914307, 0.015151978, 0.06311035, -0.06567383, 0.019058228, 0.0067634583, 0.036193848, -0.042022705, 0.0015153885, 0.0010185242, 0.0029258728, 0.049621582, 0.02003479, 0.011940002, 0.10864258, -0.022644043, -0.15808105, -0.06604004, 0.004688263, -0.0006828308, 0.0135650635, -0.00091838837, -0.04333496, 0.003112793, -0.04034424, -0.032226562, -0.0947876, 0.023590088, -0.023239136, -0.04559326, -0.07104492, 0.04925537, -0.028411865, -0.008766174, 0.066467285, -0.06750488, -0.053863525, 0.011528015, -0.009147644, 0.020355225, 0.067871094, 0.024383545, 0.064331055, -0.032836914, -0.0018091202, 0.014656067, -0.030960083, 0.007850647, -0.009002686, -0.030807495, -0.055145264, 0.025527954, 0.117370605, 0.030212402, 0.0048294067, 0.050689697, 0.0013790131, 0.0021095276, -0.006248474, 0.06201172, -0.03274536, -0.1538086, -0.072265625, 0.13793945, 0.0826416, -0.0287323, -0.06427002, -0.06866455, -0.024429321, -0.028366089, -0.055419922, 0.078063965, -0.038879395, 0.057037354, 0.029388428, 0.008377075, -0.06463623, 0.07385254, 0.019943237, -0.045532227, -0.032836914, -0.006225586, -0.11993408, -0.049316406, 0.08721924, 0.026168823, -0.124694824, 0.0061187744, -0.07366943, -0.060546875, -0.10211182, 0.027877808, 0.073913574, 0.061035156, -0.0013370514, 0.02470398, 0.03488159, 0.033294678, -0.02746582, 0.09838867, 0.036254883, 0.027160645, -0.042816162, -0.0118255615, -0.1184082, -0.064941406, 0.054901123, 0.08892822, -0.045440674, 0.0345459, 0.06524658, 0.0045166016, 0.019714355, -0.033691406, 0.006225586, -0.06335449, 0.03201294, 0.0058288574, -0.032958984, 0.01411438, 0.08569336, 0.01966858, -0.036224365, 0.0287323, 0.058563232, 0.06713867, -0.006511688, -0.04421997, -0.0044136047, -0.015945435, 0.010429382, 0.004470825, -0.024230957, 0.08673096, 0.054656982, 0.048339844, 0.011817932, -0.0069770813, 0.011909485, 0.009559631, -0.004508972, 0.036590576, -0.025436401, -0.009880066, 0.046966553, -0.021499634, 0.0064201355, -0.006175995, 0.024993896, -0.06384277, 0.031097412, -0.0368042, -0.017150879, 0.05407715, -0.054901123, -0.032043457, 0.084106445, 0.05178833, -0.016845703, 0.07342529, 0.0013685226, 0.06402588, -0.045928955, -0.0045433044, -0.025634766, 0.030227661, 0.013435364, 0.03164673, -0.04144287, -0.0104904175, -0.042755127, 0.03717041, 0.06616211, 0.1227417, -0.05831909, 0.04663086, 0.0423584, 0.05441284, 0.007091522, 0.061584473, 0.058929443, 0.027908325, -0.043701172, -0.017944336, -0.053253174, 0.013320923, 0.010681152, -0.055755615, -0.033996582, -0.027816772, 0.046142578, 0.01864624, 0.022705078, 0.031555176, 0.02810669, -0.007911682, -0.08770752, -0.036010742, -0.07849121, -0.013046265, -0.048797607, 0.038513184, 0.042266846, -0.053253174, 0.00422287, -0.027496338, -0.070251465, 0.0715332, -0.05340576, -0.005329132, 0.014053345, 0.050689697, -0.022979736, -0.04824829, -0.12219238, -0.01020813, 0.1661377, 0.046295166, -0.05130005, -0.009788513, -0.044799805, -0.10467529, 0.0019273758, 0.056488037, -0.051605225, 0.02720642, -0.0138168335, -0.032226562, -0.008117676, -0.030914307, -0.044158936, 0.002380371, 0.01449585, 0.028457642, 0.009506226, 0.079589844, 0.019622803, 0.0025520325, -0.11029053, 0.05911255, -0.025390625, -0.051208496, 0.002796173, -0.02722168, 0.022521973, 0.038116455, -0.060424805, 0.0178833, -0.06762695, -0.006046295, -0.16503906, 0.031982422, -0.04055786, -0.004825592, -0.028533936, 0.00982666, 0.07110596, 0.1048584, -0.07293701, -0.030715942, 0.057861328, -0.035461426, -0.041656494, -0.08459473, -0.008804321, 0.054901123, 0.09429932, 0.04840088, 0.020599365, -0.012641907, -0.028335571, -0.031097412, -0.05126953, -0.00089263916, 0.027160645, -0.024612427, 0.045410156, 0.08947754, -0.015235901, -0.020233154, 0.04660034, -0.08251953, 0.0024051666]"
kb_discourse_62353,ubuntu_discourse,https://discourse.ubuntu.com/t/62353,Help Wiki contribution blocked – duplicate section and invalid links in NetworkManager page,NetworkManager,5,462,3,"QUESTION: Help Wiki contribution blocked – duplicate section and invalid links in NetworkManager page
Hi everyone,

I noticed that the 
NetworkManager help wiki page
 has a 
duplicate section
 and 
two invalid links
, and I’d really like to help fix it.

I followed the official 
WikiGuide
 and created a Launchpad account, then applied to join the 
ubuntu-wiki-editors
 Launchpad team as instructed. The page mentioned that a confirmation email would be sent within a few days, but unfortunately, it’s now been almost 
three months
, and I still haven’t received approval or any follow-up.

My main goal is to contribute constructively and help maintain documentation that has helped me—and many others—for years. I’d also love to have the experience and credit of helping improve Ubuntu documentation.

Is there any way I can:

Propose the fix (maybe submit a patch or diff)?

Escalate or follow up on the Launchpad team join request?

Get temporary edit access or collaborate with someone who has access?

Thanks in advance for any guidance you can provide. I’m very motivated to contribute and be part of the ecosystem that’s already given me so much.

Best regards,

Armon

ANSWERS:
Hi Armon,

I’m Ian, a fellow Ubuntu volunteer.

First, we’re going into a weekend, so pinging the right admin person might not be answered until they are back in the office, but let’s do that anyway first. (ping 
@Community-Team
)

They are very nice.

Second, sorry you didn’t get a response. I do happen to have wiki-editing permission. So if you steer me to the right place and what the correction should look like, I will happily be your hands for this fix.

Cheers,

Ian

I’ll just add some additional details, that I don’t know if is known or not…

the current wiki we have may no longer exist in six months; with data being moved as was documented 
here
 and in a recent 
UWN
 (
UWN link just gives a summary & sends you to first link anyway; what Ubuntu Weekly Notice does
)

due to expected retirement of current docs, I will suggest you explore newer options, esp. if you'd like to contribute more to documentation; alas that doesn't help current fix right now

The current page [code] you linked, I’ve posted at the pastebin 
Ubuntu Pastebin
   Whilst there is a ‘view raw’ option which should show this detail; I’m not sure if all options appear when you’re not a wiki-editor; which is why I’ve provided a pastebin of it.

That pastebin detail I hope is useful in indicating what change(s) you want to make.

Thank you for trying and offering to contribute, and making Ubuntu better.

@pourpasand
 I approved your request to join wiki editors. Thanks 
@ian-weisser
 for the ping!

@ilvipero

Thank you so much for approving my request and giving me access!

I’ve already made the necessary edits, and I hope they’re helpful to the community. Here’s the diff link for the changes I made:

 
Diff for ""NetworkManager"" - Community Help Wiki

I’m excited to be part of the wiki editors group and look forward to contributing more in the future.

Thank you for this contribution to the community!

Very much appreciated

@guiverc

Thank you for the clarification and for sharing the pastebin version  that’s very helpful.

Also, I really appreciate the heads-up about the future of the current wiki and the new direction for documentation. I wasn’t aware of that change, so I’ll definitely look into contributing through the newer platform going forward.

Thanks again for your support and for encouraging community contributions!

Hi Armon,

I’m sorry to hear you’ve been waiting so long to join the ubuntu-wiki-editors team—that must be frustrating! Your enthusiasm for fixing the NetworkManager page is awesome, and it’s great to see your dedication to improving Ubuntu’s documentation. For your questions, I’d suggest posting the specific changes (like a patch or diff) directly in this thread or on the Ubuntu documentation mailing list to get feedback from active maintainers. For the Launchpad team join issue, you could try reaching out to the Ubuntu Documentation Team via their mailing list or on the Ubuntu Community Hub to nudge someone to review your request. Collaborating with an existing editor might also work—maybe share your proposed fixes here, and someone with access could help apply them.

Have you tried contacting anyone directly from the Ubuntu Documentation Team yet, or is this thread your first step?","[-0.04220581, -0.013198853, -0.03591919, -0.03817749, 0.01399231, 0.004371643, -0.13012695, 0.014259338, -0.03881836, -0.066711426, 0.030029297, 0.029067993, -0.025848389, 0.048919678, -0.013206482, 0.047668457, -0.042510986, 0.0131073, 0.004573822, 0.008926392, 0.0062408447, 0.014343262, 0.029418945, -0.014381409, 0.023590088, 0.072631836, -0.07861328, -0.052246094, 0.017349243, -0.07092285, 0.021972656, -0.012390137, -0.05392456, 0.013954163, 0.027328491, -0.04055786, -0.037841797, -0.09875488, -0.03274536, -0.0027103424, -0.024032593, 0.02885437, 0.0073776245, 0.03375244, 0.02053833, -0.021652222, -0.0023269653, 0.023132324, 0.010185242, -0.14465332, 0.04638672, 0.005706787, -0.00020825863, 0.048828125, 0.08831787, -0.079589844, 0.008415222, -0.014465332, 0.011787415, 0.011161804, 0.026367188, 0.06616211, -0.044891357, -0.07476807, -0.022201538, -0.03086853, 0.05911255, -0.01550293, -0.13256836, 0.062683105, -0.008842468, 0.082092285, -0.007835388, -0.08898926, -0.04623413, 0.033111572, -0.030166626, -0.009849548, -0.09320068, -0.027862549, -0.08666992, 0.009475708, -0.036895752, -0.0046157837, 0.05606079, 0.008552551, -0.020065308, 0.030517578, 0.022079468, -0.04647827, 0.011688232, 0.007095337, 0.07080078, 0.021652222, -0.046813965, 0.026931763, 0.03656006, 0.070251465, -0.0047454834, 0.12609863, -0.051940918, -0.021209717, 0.07757568, 0.016067505, -0.041809082, -0.044708252, -0.0132751465, -0.004032135, -0.058135986, 0.021362305, 0.07196045, -0.025970459, 0.051330566, 0.04156494, 0.051330566, -0.06921387, 0.019363403, 0.0038795471, -0.010055542, -0.027770996, -0.021621704, -0.042785645, 0.0019311905, 0.016326904, -0.038879395, 0.053771973, -0.08111572, -0.089416504, 0.124572754, 0.097473145, -0.011672974, 0.054901123, 0.0065841675, 0.05493164, 0.047698975, 0.059936523, -0.017440796, 0.004299164, -0.0064201355, 0.014465332, 0.022476196, 0.04046631, -0.03933716, 0.08251953, -0.08630371, 0.0016469955, -0.035125732, 0.029647827, -0.06585693, -0.020553589, -0.025314331, -0.10217285, 0.029525757, 0.004688263, -0.0021152496, 0.10308838, 0.052947998, 0.0020923615, 0.0368042, -0.012008667, 0.045776367, -0.066223145, -0.014518738, -0.07537842, 0.14025879, 0.03250122, 0.017868042, -0.030761719, -0.12817383, -0.05429077, -0.06964111, -0.048034668, 0.05038452, 0.013069153, 0.023498535, 0.059173584, 0.07507324, 0.02229309, -0.0020980835, -0.048309326, -0.02633667, -0.13781738, 0.008865356, -0.105285645, -0.026031494, 0.011955261, 0.037597656, 0.05834961, 0.013801575, 0.009384155, -0.016967773, -0.006580353, 0.07446289, -0.00957489, 0.011016846, 0.03866577, 0.036468506, -0.043060303, -0.08538818, -0.07757568, 0.033935547, 0.053894043, -0.041870117, -0.08648682, -0.09655762, 0.045654297, -0.059936523, 0.061523438, 0.07208252, -0.093322754, 0.08258057, 0.029067993, 0.07324219, 0.045898438, 0.022140503, -0.072753906, 0.06640625, -0.024749756, 0.082458496, -0.012550354, -0.040252686, 0.060150146, 0.049346924, -0.01889038, -0.04095459, 0.030838013, 0.058563232, -0.051574707, 0.026000977, 0.00042271614, 0.059814453, -0.065979004, -0.021713257, -0.04248047, 0.061950684, 0.029907227, -0.012138367, -0.013046265, -0.09399414, -0.031433105, -0.012260437, -0.031463623, 0.011367798, 0.06616211, -0.040130615, 0.0770874, -0.02330017, -0.042816162, 0.07989502, -0.05987549, 0.00081443787, -0.020355225, -0.015083313, 0.036987305, 0.039367676, 0.024520874, -0.010375977, -0.038513184, 0.07733154, 0.06616211, -0.017730713, -0.029586792, 0.046142578, 0.017349243, 0.0748291, -0.072143555, -0.009124756, -0.04348755, 0.018417358, -0.030944824, -0.010604858, -0.042816162, 0.014137268, -0.021957397, -0.009086609, -0.13391113, 0.050750732, -0.0074768066, -0.018920898, 0.059539795, 0.03552246, 0.057769775, 0.008934021, -0.035736084, 0.00592041, 0.07269287, -0.0826416, 0.038360596, 0.048431396, -0.01789856, 0.042510986, -0.010368347, 0.06311035, 0.0066719055, 0.031173706, -0.019256592, 0.10681152, -0.035125732, -0.028762817, -0.022445679, -0.023452759, -0.018753052, 0.0152282715, -0.080444336, -0.016677856, -0.030029297, -0.002243042, -0.07128906, -0.009765625, -0.066345215, 0.047943115, 0.10241699, 0.044708252, -0.0395813, -0.03878784, 0.059173584, 0.031082153, 0.15209961, 0.023208618, -0.040161133, 0.007156372, -0.028686523, 0.0033664703, 0.054870605, -0.016616821, -0.028274536, -0.05419922, -0.030899048, 0.011253357, -0.043945312, 0.011260986, -0.04989624, -0.019012451, 0.011512756, 0.01701355, -0.1182251, 0.021972656, 0.06756592, -0.06768799, 0.057525635, 0.058746338, -0.023910522, -0.048614502, -0.025024414, 0.045013428, -0.009887695, 0.007507324, 0.05368042, -0.060272217, -0.12011719, 0.017364502, -0.08312988, -0.012481689, 7.927418e-06, -0.07965088, 0.013771057, -0.0015058517, -0.029907227, 0.05581665, -0.08538818, -0.020019531, 0.068359375, 0.036346436, -0.03137207, 0.029006958, 0.054870605, 0.016326904, 0.059448242, 0.00919342, 0.024856567, -0.097961426, -0.03363037, 0.11114502, -0.11846924, 0.028198242, 0.057922363, 0.02166748, 0.00920105, 0.08129883, 0.016983032, 0.028411865, -0.024658203, -0.018920898, 0.0024547577]"
kb_discourse_73765,ubuntu_discourse,https://discourse.ubuntu.com/t/73765,Ubuntu Server Gazette - Issue 10 - The unbelievable number of supported kernels in Ubuntu,"kernel,dhclient",17,346,0,"QUESTION: Ubuntu Server Gazette - Issue 10 - The unbelievable number of supported kernels in Ubuntu
This issue of the Gazette started when a coworker told me he only realized Canonical does our own backports after he joined the company… From there, more questions came up and were answered, so I wanted to explain everything you might have wanted to know about the Linux kernel in Ubuntu. We’ll start with how many supported kernels there are and why, and then add a few further related topics - like how to know which kernel version contains a specific patch. Thanks for reading!

How many?

The current number of supported 
Ubuntu kernel sources
 (not even including the ones in the ongoing development series) is … drumroll …

So there are 2 then, the normal and hardware enablement kernel - right?

No!

Ah ok, so maybe like 25 with hardware specific kernels?

No!

How about 42, because it is the answer anyway?

No comment, but bonus points.

Wow really, so maybe 75 accounting for the different releases?

No!

There are a whopping 163 supported variants of them right now!

163 !!!

The 
kernel series information file
 lists all kernels and their repo locations, even if the 
repositories
 of a few might be private. Some kernels there have codenames, others are well recognizable. Mostly, there are a lot of them 

163 is an impressive number, but why are there so many?

Why so many?

A look at how Ubuntu supports Linux kernels for 15 years

a.k.a scaling by time due to long-term support

The Linux kernel is a central component of Ubuntu, so it needs bug and security fixes for a long time.

Recently, 
15 years of coverage with Ubuntu Legacy was announced
, implying that all still-active LTS releases of the last 15 years, as well as recent interim releases, will receive this coverage. At the time of writing, that would be 14.04, 16.04, 18.04, 20.04, 22.04, 24.04 - and a shorter time for active interim releases 25.04, 25.10 - and the current development release that will become 26.04. This keeps growing over time.

How does Ubuntu provide kernel updates for longer than a 
kernel.org
-kernel gives you?

Simple: 
We do the kernel patch backporting ourselves.

That’s why stable Ubuntu kernel versions are named x.y.0-ABI instead of 
kernel.org
’s stable names x.y.
z
.

Linux kernel development generally happens on 
kernel.org
, and from there, a kernel base version is picked when an Ubuntu release is drafted:

We pick 
an upstream kernel before its release
 (and follow upstream updates until it is finalized) to ensure you get the latest upstream kernel version right when a new Ubuntu version is released.

From then on, the Ubuntu team backports relevant patches and stable fixes from 
kernel.org
, or develops Ubuntu-specific ones.

We do this because we do not generally base our kernels on upstream’s stable releases, since even a release denoted “stable” with long term support from 
kernel.org
 won’t receive updates for 15 years.

This means Ubuntu maintains its own stable kernels with cherry-picked patches.

Each Ubuntu kernel is released as creating x.y.0-ABI.

In this context, 
ABI
 in a Ubuntu kernel version represents the tracking of exported functions via the kernel team’s build system. An ABI version over a thousand usually indicates a derivative kernel (more below). The kernel team starts them at 1000 to avoid ABI version clashes with the -generic/-hwe kernels, which start at 1 and usually grow to a couple of hundreds over their lifetime.

But not all patches originate from upstream.

Additionally, Ubuntu might include patches that are not included in the 
kernel.org
 trees, either because the patch hasn’t been pulled in, or because it is obtained from other non-upstream sources and is unlikely to be upstreamed – we call that the “
Sauce
”.

More features and drivers are sometimes provided by  
out of tree driver modules
 to ensure, for example, that 
ZFS
 works fine.

Okay, this explains only 10-ish of our active 163 kernel releases, why are there more?

A look at how Ubuntu supports many different platforms

a.k.a scaling by derivatives

There is a balance to strike. Ideally everyone would have their very own kernel optimized for their platform, their use case and their needs. But it is hard to support the many kernel variants we have – let us not make them millions of variants yet. On the other hand, saying “you all shall work with the very same kernel” is wasting too much potential.

“Works well everywhere”

The most common standard kernel is called “linux-generic” and that is a great balancing act for the needs of everyone. It comes with defaults that work well in almost all cases, but these defaults are not optimized for any scenario that would mostly come at the cost of other use cases.

“Optimized for platforms”

Starting from the generic kernels, there are optimized or opinionated kernels, again by modifications and configurations, to be better where the substrate they run on or the use-case they will be serving is known.

Some are optimized to provide 
feature support and optimization for clouds
, while others are optimized for a particular hardware variant like different RISC-V models, or developer boards. Or the common case of the (usually) pre-installed 
OEM kernels
 to enable/optimize for the hardware of a particular device, if it is not yet supported by the generic kernel.

“Optimized for special requirements”

There are further use cases which need to modify or configure the kernel in a way that is detrimental to other users. Therefore, this isn’t just done on the kernel used by everyone. Instead those become derivative kernels, mostly based on the LTS kernels but with individual changes on top and their own set of verifications.

Rather well known examples of that would be the 
FIPS kernels
 for those under regulations that require this kind of operation. Or, 
real-time kernels
 for use cases that need more determinism.

“Optimized for recent hardware and features”

The following scenario is quite a common request. “I’d like to have everything as stable as possible, except this one detail I need”.

Combine enough people saying that and you are faced with the mutually exclusive demand to keep everything stable and to change everything.

One particularly frequent aspect of that is the request for the support of new hardware. But, backporting all the changes would be too disruptive to the existing users that do not need that. This is where the 
hardware enablement kernel
 comes into play to extend the 
Ubuntu kernel lifecycle
. That again doubles the number of supported kernels. The so-called HWE-kernel is a backport of the kernel of newer Ubuntu releases to the Ubuntu LTS releases. This allows users to get the more recent hardware support and features, while keeping the rest of the OS stable. Thanks to the Linux kernel for being a great abstraction layer to make that possible.

163 or are there even more?

Strictly speaking, all that was mentioned so far is only about the different kernel source packages. A single source can be built for a combination of architectures+flavors. Flavors are built from the same source but with different kernel configs. For instance, the questing/linux generic kernel builds for amd64/arm64/armhf/ppc64el/s390x. Most of these arches have only one flavor, but for example arm64 builds 2 flavors (with 4KB and 64KB page size).

So the actual number of “linux-image-<foo>” packages, for all architectures and flavors, is much higher than that.

But fully counting that would be bragging right … right?

Although I’m not in the kernel team - so it would be praise I guess?

Hey Kernel Team, in case you didn’t know: You are awesome!

All of that allows you to get the best out of your Ubuntu system and then be able to rely on it for a long time!

How to navigate all these kernels

Which kernel contains a certain patch?

a.k.a to not see the fix-forest for all the kernel-trees

Out of all of the above you might have realized that it is quite a challenge to support all users and all variations they might be using, yet this is just what we do.

We often get questions like :

But I only know a particular CVE is fixed upstream in >=6.14.3 and >=6.17, how do I map this to x.y.0-thousands?

I’m looking for a particular fix that was added >=6.15, how could I track if it was or will be applied?

A commit was accepted upstream, in which Ubuntu kernel releases is it included ?

Let us start with the easy mode. If upstream says “6.15 has fixed XYZ”, then any >=6.15.0-ABI will have that fix.

For fixes and feature backports you can 
proactively file bugs
 or 
check those filed by others
. To do so, you can either look at an individual bug, which will list the release it is targeted at and update the state (per target release) when it is fixed. Furthermore, on the bug you will see regular updates along the process to prepare, test and release these changes via 
stable release updates
. These updates happen regularly and you can see the dates of the ongoing and upcoming stable and security updates at 
https://kernel.ubuntu.com/
.

Or you can look the other way around, at the changelogs of the linux kernel you are interested in. 
Changelogs
 will list the applied changes and refer to bugs for more details.

Luckily CVEs have standardized identifiers, which we map and provide at 
https://ubuntu.com/security/cves
, or on your system via the Pro Client’s ability to 
list
 and 
handle
 vulnerabilities.

And finally, you can go all in on a per-commit level: the option of tracing a change not only via bugs is made possible by the nature of open source - the 
Ubuntu kernel repositories
 are public. The SHA1 of backported upstream fixes is referenced in the commit message - to do so the commit usually will get an entry like “([cherry picked|backported] from commit <sha1>)”. With that in mind it is easy to find the change you are looking for even after potential adaptation for the backport.

How to find a particular change

a.k.a tracing the journey of an upstream commit to ubuntu kernels

Imagine you’d have a suspend issue and found it is addressed in 
bd820906ea9d “platform/x86/intel/pmc: Add Arrow Lake U/H support to intel_pmc_core driver”
 upstream.

You could find the topic via a web search and spot the bug report 
https://bugs.launchpad.net/ubuntu/+source/linux/+bug/2112469
.

Or you can find it mentioned in the changelog like here 
https://launchpad.net/ubuntu/+source/linux/6.8.0-88.89
.

Or you go all in, fetch the kernel repositories that are important to you and see where it is referenced:

$ git --no-pager log --all --grep='from commit bd820906ea9d' --pretty='%H %s'
3b56343cd08a025f3eb632ff145f27d7c3c0ee48 platform/x86/intel/pmc: Add Arrow Lake U/H support to intel_pmc_core driver
44db804982800348c70c759cd8a5e9e4c976322d platform/x86/intel/pmc: Add Arrow Lake U/H support to intel_pmc_core driver

You now know that in those two commits the change you looked for was mentioned and you can look them up.

But usually, as the next step, you then want to check which exact kernel version(s) this change was added to.

You can use 
git tag –contains
 and similar on this as usual probing for these new hashes that you found.

$ git tag --contains 3b56343cd08a025f3eb632ff145f27d7c3c0ee48
Ubuntu-6.8.0-88.89
Ubuntu-6.8.0-89.90
Ubuntu-6.8.0-90.91
Ubuntu-6.8.0-91.92
Ubuntu-hwe-6.8-6.8.0-90.91_22.04.1
Ubuntu-lowlatency-6.8.0-88.89.1
Ubuntu-lowlatency-6.8.0-90.91.1
Ubuntu-lowlatency-hwe-6.8-6.8.0-90.91.1_22.04.1

Or, if you need this often, consider an alias or script doing something like:

$ git --no-pager log --all --grep=""from commit bd820906ea9d"" --pretty='%H' | while read -r c; do   echo ""Commit: $c""; echo ""Subject: $(git log -1 --pretty=%s ""$c"")"";   echo ""Message:"";   git log -1 --pretty=format:'  %b' ""$c"" | sed 's/^/  /';   echo ""Branches:"";   git branch --contains ""$c"" --format='  %(refname:short)' 2>/dev/null || echo ""  (none)"";   echo ""Tags:"";   git tag --contains ""$c"" --format='  %(refname:short)' 2>/dev/null || echo ""  (none)"";   echo; done
Commit: 3b56343cd08a025f3eb632ff145f27d7c3c0ee48
Subject: platform/x86/intel/pmc: Add Arrow Lake U/H support to intel_pmc_core driver
Message:
    BugLink: https://bugs.launchpad.net/bugs/2112469
  
  Add Arrow Lake U and Arrow Lake H support in intel_pmc_core driver.
  
  Signed-off-by: Rajvi Jingar <rajvi.jingar@linux.intel.com>
  Signed-off-by: Xi Pardee <xi.pardee@linux.intel.com>
  Link: https://lore.kernel.org/r/20250207225615.401235-7-xi.pardee@linux.intel.com
  Reviewed-by: Ilpo Järvinen <ilpo.jarvinen@linux.intel.com>
  Signed-off-by: Ilpo Järvinen <ilpo.jarvinen@linux.intel.com>
  (backported from commit bd820906ea9dc3acfcac9de4f1be89b78609e2ac)
  [thibf: due to a large refactor missing:
   ac6bef0d5 platform/x86:intel/pmc: Create generic_core_init() for all platforms
   Duplicate initialization function and update values to reflect arl_h correct state.]
  Signed-off-by: Thibault Ferrante <thibault.ferrante@canonical.com>
  Acked-by: Stefan Bader <stefan.bader@canonical.com>
  Acked-by: Manuel Diewald <manuel.diewald@canonical.com>
  Signed-off-by: Mehmet Basaran <mehmet.basaran@canonical.com>
  Signed-off-by: Edoardo Canepa <edoardo.canepa@canonical.com>
Branches:
Tags:
  Ubuntu-6.8.0-88.89
  Ubuntu-6.8.0-89.90
  Ubuntu-6.8.0-90.91
  Ubuntu-6.8.0-91.92
  Ubuntu-hwe-6.8-6.8.0-90.91_22.04.1
  Ubuntu-lowlatency-6.8.0-88.89.1
  Ubuntu-lowlatency-6.8.0-90.91.1
  Ubuntu-lowlatency-hwe-6.8-6.8.0-90.91.1_22.04.1

Commit: 44db804982800348c70c759cd8a5e9e4c976322d
Subject: platform/x86/intel/pmc: Add Arrow Lake U/H support to intel_pmc_core driver
Message:
    BugLink: https://bugs.launchpad.net/bugs/2112469
  
  Add Arrow Lake U and Arrow Lake H support in intel_pmc_core driver.
  
  Signed-off-by: Rajvi Jingar <rajvi.jingar@linux.intel.com>
  Signed-off-by: Xi Pardee <xi.pardee@linux.intel.com>
  Link: https://lore.kernel.org/r/20250207225615.401235-7-xi.pardee@linux.intel.com
  Reviewed-by: Ilpo Järvinen <ilpo.jarvinen@linux.intel.com>
  Signed-off-by: Ilpo Järvinen <ilpo.jarvinen@linux.intel.com>
  (cherry picked from commit bd820906ea9dc3acfcac9de4f1be89b78609e2ac)
  Signed-off-by: Thibault Ferrante <thibault.ferrante@canonical.com>
  Acked-by: Manuel Diewald <manuel.diewald@canonical.com>
  Acked-by: Edoardo Canepa <edoardo.canepa@canonical.com>
  Signed-off-by: Mehmet Basaran <mehmet.basaran@canonical.com>
Branches:
Tags:
  Ubuntu-hwe-6.14-6.14.0-37.37_24.04.1

After you have tracked the change you are interested in, you might ask what is the most recent kernel you could get out of the automatic updates?

The easiest way is to check right on the system. You can see the current version and available updates, for example via 
apt policy
:

$ apt policy linux-generic linux-generic-hwe-24.04
linux-generic:
  Installed: (none)
  Candidate: 6.8.0-88.89
  Version table:
     6.8.0-91.92 100
        100 http://de.archive.ubuntu.com/ubuntu noble-proposed/main amd64 Packages
     6.8.0-88.89 500
        500 http://de.archive.ubuntu.com/ubuntu noble-updates/main amd64 Packages
        500 http://security.ubuntu.com/ubuntu noble-security/main amd64 Packages
     6.8.0-31.31 500
        500 http://de.archive.ubuntu.com/ubuntu noble/main amd64 Packages
linux-generic-hwe-24.04:
  Installed: 6.14.0-36.36~24.04.1
  Candidate: 6.14.0-36.36~24.04.1
  Version table:
 *** 6.14.0-36.36~24.04.1 500
        500 http://de.archive.ubuntu.com/ubuntu noble-updates/main amd64 Packages
        100 http://de.archive.ubuntu.com/ubuntu noble-proposed/main amd64 Packages
        500 http://security.ubuntu.com/ubuntu noble-security/main amd64 Packages
        100 /var/lib/dpkg/status
     6.8.0-31.31 500
        500 http://de.archive.ubuntu.com/ubuntu noble/main amd64 Packages

For a check while not on the system, you can refer to the publishing records of the related source package. The base kernels share the same source name “linux / linux-meta” and hence have 
one publishing history
 that shows you all of them. If you want instead to check on a particular hardware enablement stream, those are versioned - like for 6.14, you can instead check the publishing history of 
linux-meta-hwe-6.14
 for example.

Closing thoughts

I hope this post helps to explain why there are so many active Ubuntu kernel source trees for support and optimization, and makes you realize that Ubuntu does all the backports for them! And if you ever wondered how to find a particular change you are interested in, I hope this post was useful for you too by providing some examples.

Either way - I hope that each reader found something to take away that was just the right thing for them!","[-0.015655518, -0.008911133, 0.036621094, -0.059387207, -0.028884888, -0.091674805, -0.1385498, -0.031204224, -0.04550171, -0.027175903, 0.00060272217, -0.01612854, 0.07458496, -0.10253906, -0.08605957, -0.024536133, 0.042419434, 0.012107849, -0.050201416, -0.03677368, -0.0004553795, 0.0042800903, 0.046295166, -0.0072631836, -0.04800415, 0.10699463, -0.014678955, -0.022872925, 0.022583008, -0.06915283, 0.005088806, 0.075927734, 0.017059326, -0.042633057, 0.030380249, -0.015319824, -0.022125244, -0.027648926, -0.02558899, -0.014122009, 0.007835388, -0.019104004, -0.04626465, 0.07098389, -0.07269287, 0.003458023, 0.026657104, 0.007484436, 0.009346008, -0.08843994, 0.06774902, 0.08929443, 0.11047363, 0.027374268, 0.054595947, -0.076416016, 0.009933472, 0.021850586, 0.02960205, -0.08294678, 0.06951904, 0.105163574, -0.0158844, -0.052947998, 0.018737793, -0.035583496, 0.07904053, -0.036895752, -0.14208984, 0.07775879, -0.052001953, 0.03515625, 0.068237305, 0.06573486, 0.008987427, 0.04244995, 0.041046143, -0.0018157959, 0.028320312, -0.07409668, -0.0107421875, 0.005542755, -0.009651184, -0.014404297, 0.010368347, 0.10241699, 0.011909485, 0.12561035, -0.04071045, -0.02243042, 0.026290894, -0.024490356, 0.050842285, 0.010574341, 0.022735596, 0.03869629, -0.050598145, -0.025466919, -0.010665894, -0.024902344, -0.058807373, -0.053100586, 0.035217285, 0.0178833, -0.06311035, 0.10076904, -0.083862305, 0.016525269, -0.10998535, 0.004917145, -0.012550354, -0.008071899, 3.2365322e-05, 0.06854248, 0.099365234, -0.077941895, 0.029876709, -0.017990112, -0.015777588, 0.07330322, -0.036468506, -0.015541077, -0.0068244934, -0.009231567, 0.057617188, 0.025314331, 0.013786316, -0.02468872, 0.03857422, 0.04296875, -0.00907135, -0.04067993, -0.0032463074, -0.04763794, -0.004928589, 0.050933838, 0.10827637, 0.086242676, -0.025543213, 0.08734131, -0.007789612, 0.056396484, 0.02281189, 0.0007133484, -0.0013875961, 0.05038452, 0.053985596, -0.058807373, 0.008033752, 0.0317688, -0.0063552856, -0.022583008, 0.057037354, -0.040740967, -0.03173828, 0.079956055, 0.04776001, -0.02798462, -0.00066661835, -0.044769287, 0.061340332, -0.08343506, -0.046081543, -0.044891357, 0.06329346, -0.034576416, 0.0077323914, -0.027114868, -0.024337769, 0.020889282, 0.034606934, -0.06921387, 0.05142212, 0.0033893585, 0.032592773, -0.020568848, -0.05050659, -0.03378296, -0.027862549, 0.014778137, -0.020462036, -0.09869385, 0.04196167, 0.04260254, -0.0491333, 0.09655762, 0.06762695, 0.008041382, -0.0619812, -0.024551392, -0.07659912, -0.10308838, 0.07208252, 0.039611816, 0.02708435, 0.02720642, 0.04272461, 0.02696228, 0.055541992, -0.036315918, 0.05355835, -0.09484863, -0.031402588, 0.0016098022, -0.057128906, -0.029586792, -0.0635376, 0.031982422, 0.050750732, -0.09283447, 0.014183044, 0.06976318, 0.029846191, 0.055145264, 0.026000977, -0.030090332, 0.0090408325, -0.0053863525, 0.022979736, -0.05529785, 0.060577393, 0.031311035, 0.0014743805, 0.02885437, -0.12695312, 0.019104004, 0.084228516, -0.053497314, -0.03869629, -0.006996155, 0.043029785, 0.05368042, -0.048736572, -0.0847168, 0.0053100586, 0.009262085, 0.0065612793, 0.012832642, -0.0009531975, 0.04724121, -0.039398193, -0.047698975, 0.005695343, 0.026885986, -0.034851074, 0.06964111, -0.049865723, 0.04058838, 0.06585693, -0.025344849, -0.04901123, -0.05682373, 0.010108948, 0.08959961, 0.066833496, -0.1361084, 0.02053833, 0.012489319, 0.10241699, 0.0057029724, -0.030670166, 0.07598877, 0.076538086, -0.029174805, 0.10681152, -0.003112793, 0.012336731, -0.031433105, -0.034210205, -0.025177002, -0.018295288, -0.051116943, -0.033355713, 0.04611206, 0.1048584, -0.04928589, -0.009468079, 0.10235596, 0.0024108887, 0.045654297, -0.056365967, 0.0053138733, 0.051757812, 0.022567749, -0.036071777, -0.03643799, -0.070495605, -0.025726318, -0.053649902, -0.059539795, 0.0023441315, -0.051452637, 0.0023880005, -0.03616333, 0.047943115, 0.10070801, -0.013832092, 0.05722046, 0.0013198853, -0.026184082, 0.01651001, -0.11175537, 0.039215088, -0.041107178, -0.003873825, 0.05581665, -0.004802704, 0.01902771, -0.019058228, -0.04586792, 0.054138184, 0.026657104, 0.076171875, 0.036499023, 0.08496094, 0.032348633, -0.0069885254, 0.050354004, 0.07080078, -0.039855957, 0.04864502, -0.005302429, -0.037902832, 0.04876709, 0.057037354, -0.02104187, -0.004234314, -0.04647827, 0.004486084, 0.0446167, 0.08319092, -0.039794922, 0.030044556, 0.012649536, 0.055480957, -0.068725586, -0.030792236, 0.02154541, -0.02960205, -0.01965332, 0.020477295, -0.029678345, -0.07244873, -0.03881836, -0.04135132, 0.03805542, 0.015823364, 0.009056091, 0.0044555664, -0.07385254, -0.05178833, -0.18701172, 0.00014603138, -0.0703125, 0.049804688, -0.02432251, -0.05630493, -0.021102905, 0.007293701, -0.023330688, -0.027618408, -0.03286743, 0.010528564, -0.035369873, -0.060699463, -0.027236938, -0.0149002075, -0.03149414, 0.076171875, -0.013832092, -0.025604248, -0.013648987, 0.05517578, -0.034240723, 0.032958984, 0.04586792, -0.0960083, -0.034240723, 0.0619812, -0.08135986, 0.053649902, -0.013908386, 0.070129395, 0.012390137]"
